Technology,below 5.0,5.0-6.5,6.5-7.5,7.5-8.5,above 8.5
Internet,0.17434211,0.059407895,0.247039474,0.114144737,0.021973684
TV,0.25695744,0.272773921,0.224781165,0.214699668,0.010787806
Phone,0.233438486,0.413699865,0.240198288,0.082018927,0.030644434
Mobile streaming,0.182,0.0489093,0.259471871,0.086440873,0.042962113
Cloud,0.215909091,0.329545455,0.227272727,0.204545455,0.022727273
Server,0.499691358,0.47037037,0.062037037,0.155555556,0.012345679
